1,225.5,1.3,217.7,0.73,49.9
1,225.1,1.3,218.2,0.73,49.8
1,225.4,1.3,210.5,0.71,49.9
1,225.5,1.3,210.9,0.71,49.8
1,225.4,1.3,212.2,0.72,49.8
1,225.5,1.3,211.6,0.71,49.8
1,225.5,1.3,211.3,0.71,49.8
1,225.3,1.3,213.1,0.72,49.8
1,225.3,1.3,211.4,0.72,49.8
1,225.3,1.3,211.3,0.71,49.8
1,225.3,1.3,211.9,0.72,49.8
1,225.2,1.4,230.0,0.75,49.8
1,225.4,1.3,191.3,0.67,49.9
1,225.3,1.3,192.0,0.67,49.9
1,225.4,1.3,191.6,0.67,49.9
1,225.5,1.3,191.9,0.67,49.9
1,225.5,1.3,191.7,0.67,49.9
1,225.5,1.3,190.8,0.67,49.9
1,225.6,1.3,191.8,0.67,49.9
1,225.5,1.3,191.1,0.67,49.9
1,225.4,1.3,191.5,0.67,49.9
1,225.6,1.3,193.3,0.67,49.9
1,225.6,1.3,191.9,0.67,49.9
1,225.6,1.3,193.0,0.67,49.9
1,225.6,1.3,191.8,0.67,49.9
1,225.7,1.3,191.7,0.67,49.9
1,225.5,1.3,191.8,0.67,49.9
1,225.5,1.3,191.7,0.67,49.9
1,225.5,1.3,193.9,0.68,49.9
1,225.4,1.3,192.2,0.67,49.9
1,225.3,1.3,192.4,0.67,49.9
1,225.5,1.2,171.8,0.64,49.9
1,225.5,1.2,173.0,0.64,49.9
1,225.3,1.2,177.5,0.65,49.9
1,225.4,1.2,172.6,0.64,49.9
1,225.4,1.2,174.4,0.64,49.9
1,225.6,1.2,172.4,0.64,49.9
1,225.6,1.2,172.3,0.64,49.9
1,225.7,1.2,172.1,0.63,49.9
1,225.6,1.2,173.0,0.64,49.9
1,225.6,1.2,172.4,0.64,50.0
1,225.7,1.2,172.2,0.64,50.0
1,225.7,1.2,172.1,0.64,50.0
1,225.6,1.2,172.0,0.64,50.0
1,225.6,1.2,172.1,0.64,50.0
1,225.8,1.2,171.7,0.64,50.0
1,225.6,1.2,175.9,0.64,50.0
1,225.5,1.2,171.6,0.64,50.1
1,225.9,1.2,172.1,0.64,50.1
1,225.9,1.2,171.7,0.64,50.0
1,225.9,1.2,177.0,0.65,50.0
1,225.9,1.2,172.1,0.64,50.0
1,225.9,1.2,172.1,0.64,50.0
1,226.1,1.2,172.3,0.63,50.0
1,226.1,1.2,172.9,0.64,50.0
1,226.1,1.2,172.9,0.64,50.0
1,226.1,1.2,172.6,0.64,50.0
1,226.2,1.2,173.1,0.64,50.0
1,226.2,1.2,174.0,0.64,50.0
1,226.3,1.2,173.1,0.64,50.0
1,226.3,1.2,173.0,0.63,50.0
1,226.2,1.2,181.9,0.65,50.0
1,226.3,1.2,173.5,0.64,50.0
1,226.2,1.2,172.7,0.63,50.0
1,226.2,1.2,173.0,0.63,50.0
1,226.2,1.2,172.3,0.63,50.0
1,226.1,1.2,172.6,0.63,50.0
1,226.1,1.2,172.3,0.63,50.0
1,226.1,1.2,172.5,0.63,50.0
1,226.0,1.2,172.7,0.63,50.0
1,226.1,1.2,172.6,0.63,49.9
1,226.1,1.2,172.2,0.63,49.9
1,225.7,1.2,172.0,0.63,50.0
1,226.3,1.2,173.8,0.63,49.9
1,226.5,1.2,173.6,0.63,49.9
1,226.5,1.2,173.6,0.63,50.0
1,226.4,1.2,175.1,0.63,49.9
1,226.4,1.2,173.9,0.63,50.0
1,226.4,1.2,173.9,0.63,50.0
1,226.3,1.2,174.0,0.63,50.0
1,226.4,1.2,173.8,0.63,50.0
1,226.4,1.2,174.4,0.64,50.0
1,226.4,1.2,172.7,0.63,50.0
1,226.5,1.2,174.1,0.63,50.0
1,226.5,1.2,173.1,0.63,50.0
1,226.4,1.2,178.5,0.64,50.0
1,226.5,1.2,173.2,0.63,50.0
1,226.5,1.2,173.4,0.63,50.0
1,226.5,1.2,173.2,0.63,50.0
1,226.4,1.2,173.9,0.63,50.0
1,226.4,1.2,173.4,0.63,50.0
1,226.5,1.2,178.7,0.64,50.0
1,226.4,1.2,175.7,0.64,50.0
1,226.5,1.2,174.2,0.64,50.0
1,226.7,1.2,173.7,0.63,50.0
1,226.5,1.2,173.1,0.63,50.0
1,226.7,1.2,173.6,0.63,50.0
1,226.7,1.2,174.2,0.63,50.0
1,226.7,1.2,174.1,0.63,50.0
1,226.6,1.2,173.8,0.63,50.0
1,226.6,1.2,173.5,0.63,50.0
1,226.7,1.2,173.0,0.63,50.0
1,226.6,1.2,174.0,0.64,50.0
1,226.6,1.2,172.6,0.63,50.0
1,226.7,1.2,173.3,0.63,50.0
1,226.7,1.2,174.3,0.64,50.0
1,226.6,1.2,173.4,0.63,50.0
1,226.7,1.2,173.5,0.63,50.0
1,226.6,1.2,173.5,0.63,50.0
1,226.5,1.2,173.3,0.63,50.0
1,226.6,1.2,175.2,0.64,50.0
1,226.7,1.2,173.4,0.63,50.0
1,226.7,1.2,173.4,0.63,50.0
1,226.8,1.2,174.3,0.63,50.0
1,226.7,1.2,173.2,0.63,50.0
1,226.7,1.2,175.8,0.64,50.0
1,226.7,1.2,178.8,0.64,50.0
1,226.6,1.2,177.7,0.64,50.0
1,226.6,1.3,196.4,0.66,50.0
1,225.6,4.5,941.6,0.93,50.0
1,225.6,5.2,1118.3,0.95,50.0
1,225.4,5.3,1134.2,0.95,50.0
1,225.6,5.1,1092.5,0.94,50.1
1,225.4,5.2,1116.3,0.95,50.0
1,225.5,5.2,1100.9,0.94,50.0
1,225.4,5.1,1095.4,0.94,50.0
1,225.4,5.2,1114.8,0.95,50.0
1,225.4,5.3,1139.7,0.95,50.1
1,225.5,5.3,1128.3,0.95,50.1
1,225.5,5.3,1135.4,0.95,50.1
1,225.5,5.3,1143.5,0.95,50.1
1,225.7,5.4,1145.4,0.95,50.1
1,225.7,5.4,1154.6,0.95,50.1
1,225.7,5.4,1159.3,0.95,50.1
1,225.7,5.4,1165.2,0.95,50.1
1,225.7,5.5,1173.9,0.95,50.1
1,225.7,5.5,1182.9,0.95,50.1
1,225.7,5.6,1191.2,0.95,50.1
1,225.7,5.6,1200.1,0.95,50.1
1,225.7,5.6,1209.2,0.95,50.1
1,225.5,5.7,1215.7,0.95,50.1
1,225.5,5.7,1223.7,0.95,50.1
1,225.6,5.7,1233.3,0.95,50.1
1,225.6,5.8,1239.0,0.95,50.1
1,225.6,5.8,1246.6,0.95,50.1
1,225.6,5.8,1253.9,0.95,50.1
1,225.6,5.9,1260.1,0.95,50.1
1,225.5,5.9,1265.2,0.95,50.1
1,225.6,5.9,1271.3,0.95,50.1
1,225.6,5.9,1276.9,0.95,50.1
1,225.6,5.9,1278.9,0.95,50.1
1,225.5,6.0,1280.3,0.95,50.1
1,225.5,6.0,1282.0,0.95,50.1
1,225.6,6.0,1284.4,0.95,50.1
1,225.6,6.0,1287.5,0.95,50.1
1,225.6,6.0,1287.7,0.95,50.1
1,225.5,6.0,1289.3,0.95,50.1
1,225.6,6.0,1288.7,0.95,50.1
1,225.5,6.0,1288.5,0.95,50.1
1,225.8,6.0,1288.5,0.95,50.1
1,225.6,6.0,1288.2,0.95,50.1
1,225.7,6.0,1286.8,0.95,50.1
1,225.7,6.0,1286.5,0.95,50.1
1,225.5,6.0,1284.2,0.95,50.1
1,225.7,6.0,1281.5,0.95,50.1
1,225.8,5.9,1280.0,0.95,50.1
1,225.9,5.9,1278.0,0.95,50.1
1,226.0,5.9,1282.8,0.95,50.1
1,226.0,5.9,1282.3,0.95,50.1
1,226.0,5.9,1281.8,0.95,50.1
1,225.9,5.9,1281.0,0.95,50.1
1,225.9,5.9,1278.0,0.95,50.1
1,225.9,5.9,1278.5,0.95,50.1
1,225.9,5.9,1275.7,0.95,50.1
1,225.9,5.9,1277.6,0.95,50.1
1,225.9,5.9,1281.1,0.95,50.1
1,225.8,5.9,1276.7,0.95,50.1
1,225.9,5.9,1273.3,0.95,50.1
1,225.9,5.9,1271.2,0.95,50.1
1,225.9,5.9,1272.2,0.95,50.1
1,225.9,5.9,1275.3,0.95,50.1
1,225.8,5.9,1271.3,0.95,50.1
1,225.8,5.9,1272.1,0.95,50.1
1,225.9,5.9,1272.2,0.95,50.1
1,225.7,5.9,1269.8,0.95,50.1
1,226.0,5.9,1271.6,0.95,50.1
1,226.0,5.9,1270.2,0.95,50.1
1,225.8,5.9,1269.5,0.95,50.1
1,225.8,5.9,1268.0,0.95,50.1
1,226.0,5.9,1267.3,0.95,50.2
1,226.2,5.9,1265.8,0.95,50.1
1,226.1,5.9,1265.2,0.95,50.1
1,226.1,5.9,1263.7,0.95,50.1
1,226.1,5.9,1265.1,0.95,50.1
1,226.2,5.9,1262.8,0.95,50.1
1,226.3,5.9,1265.0,0.95,50.1
1,226.2,5.9,1266.4,0.95,50.1
1,226.1,5.9,1265.3,0.95,50.1
1,226.0,5.9,1264.4,0.95,50.1
1,225.8,5.9,1264.5,0.96,50.1
1,225.8,5.9,1261.3,0.95,50.1
1,225.7,5.9,1264.5,0.95,50.1
1,225.7,5.9,1262.3,0.95,50.1
1,225.5,5.9,1263.1,0.96,50.1
1,225.6,5.9,1263.3,0.96,50.1
1,225.4,5.9,1261.4,0.96,50.1
1,225.6,5.8,1259.2,0.95,50.1
1,225.4,5.8,1258.8,0.96,50.1
1,225.6,5.8,1258.8,0.96,50.2
1,225.7,5.8,1258.0,0.95,50.2
1,225.6,5.9,1262.7,0.96,50.2
1,225.7,5.8,1255.7,0.95,50.1
1,225.6,5.8,1255.5,0.96,50.1
1,225.7,5.8,1256.2,0.96,50.1
1,225.6,5.8,1255.3,0.96,50.1
1,225.8,5.8,1255.5,0.96,50.1
1,225.8,5.8,1255.6,0.96,50.2
1,225.8,5.8,1255.5,0.95,50.2
1,225.7,5.8,1255.9,0.96,50.1
1,225.7,5.8,1254.9,0.96,50.2
1,225.8,5.8,1255.6,0.95,50.1
1,225.8,5.8,1255.1,0.96,50.2
1,225.7,5.8,1253.9,0.96,50.2
1,225.7,5.8,1253.0,0.96,50.2
1,225.7,5.8,1252.4,0.96,50.2
1,225.8,5.8,1253.4,0.96,50.2
1,225.8,5.8,1251.1,0.95,50.2
1,225.8,5.8,1249.2,0.95,50.2
1,225.8,5.8,1247.8,0.96,50.2
1,225.9,5.8,1248.2,0.96,50.1
1,225.9,5.8,1247.3,0.95,50.1
1,225.7,5.8,1247.1,0.95,50.2
1,225.9,5.8,1247.9,0.95,50.2
1,225.7,5.8,1246.6,0.96,50.1
1,225.7,5.8,1246.8,0.96,50.1
1,225.9,5.8,1247.2,0.95,50.1
1,225.9,5.8,1245.2,0.95,50.1
1,225.9,5.8,1244.0,0.95,50.1
1,225.9,5.8,1244.3,0.95,50.1
1,225.8,5.8,1243.7,0.96,50.1
1,225.9,5.8,1243.6,0.95,50.1
1,226.0,5.8,1245.0,0.95,50.2
1,226.0,5.8,1241.8,0.95,50.2
1,225.9,5.7,1239.5,0.95,50.2
1,225.9,5.7,1239.6,0.95,50.2
1,225.9,5.8,1239.9,0.95,50.2
1,225.7,5.8,1241.6,0.95,50.2
1,225.7,5.8,1242.7,0.96,50.2
1,225.8,5.8,1243.1,0.96,50.2
1,225.9,5.8,1243.3,0.96,50.1
1,225.8,5.8,1241.5,0.96,50.2
1,225.8,5.8,1244.5,0.96,50.2
1,225.8,5.8,1243.3,0.95,50.2
1,225.9,5.8,1241.5,0.95,50.2
1,225.8,5.8,1239.5,0.95,50.2
1,225.7,5.8,1239.7,0.95,50.1
1,225.8,5.8,1240.7,0.95,50.2
1,225.8,5.7,1239.4,0.95,50.2
1,225.6,5.7,1237.0,0.96,50.1
1,225.8,5.7,1238.5,0.95,50.2
1,225.7,5.7,1237.4,0.95,50.1
1,225.8,5.7,1238.0,0.95,50.1
1,225.7,5.7,1236.9,0.95,50.1
1,225.6,5.7,1237.6,0.95,50.1
1,225.7,5.7,1237.9,0.95,50.1
1,225.7,5.8,1241.9,0.96,50.1
1,225.6,5.8,1239.1,0.95,50.2
1,225.6,5.8,1239.3,0.96,50.1
1,225.7,5.7,1239.1,0.96,50.1
1,225.7,5.8,1240.5,0.96,50.2
1,225.7,5.8,1241.7,0.96,50.2
1,225.7,5.7,1239.1,0.96,50.1
1,225.6,5.8,1248.5,0.96,50.2
1,225.6,5.7,1236.9,0.95,50.2
1,225.7,5.8,1244.4,0.96,50.1
1,225.8,5.7,1238.4,0.95,50.1
1,225.7,5.7,1237.1,0.96,50.2
1,225.7,5.7,1236.4,0.95,50.1
1,225.7,5.7,1235.9,0.95,50.2
1,225.5,5.7,1236.6,0.96,50.1
1,225.7,5.7,1237.2,0.96,50.1
1,225.8,5.7,1237.1,0.95,50.1
1,225.7,5.7,1237.7,0.95,50.1
1,225.8,5.8,1240.4,0.95,50.2
1,225.8,5.7,1238.4,0.95,50.2
1,225.7,5.7,1237.0,0.95,50.1
1,225.6,5.7,1235.3,0.96,50.1
1,225.6,5.7,1233.3,0.95,50.1
1,225.5,5.7,1231.2,0.95,50.1
1,0.0,0.0,1301.4,0.96,50.1
1,224.4,6.0,1301.5,0.96,50.0
1,224.4,6.0,1305.8,0.97,50.0
1,224.4,6.0,1305.6,0.97,50.0
1,224.5,6.0,1301.0,0.96,50.1
1,224.4,6.0,1305.6,0.96,50.0
1,224.3,6.0,1298.8,0.96,50.0
1,224.0,6.0,1303.9,0.96,50.0
1,224.5,6.0,1305.7,0.96,50.0
1,224.5,6.0,1306.1,0.96,50.0
1,224.3,6.0,1308.1,0.97,50.1
1,224.2,6.0,1305.5,0.97,50.0
1,224.4,6.1,1312.5,0.97,50.1
1,224.4,6.1,1314.0,0.97,50.1
1,224.2,6.1,1316.7,0.97,50.0
1,224.3,6.0,1303.4,0.96,50.0
1,224.2,6.0,1301.6,0.96,50.0
1,224.2,6.0,1307.0,0.97,50.0
1,224.1,6.0,1303.6,0.96,50.0
1,223.9,6.0,1304.9,0.96,50.0
1,224.2,6.0,1307.8,0.97,50.0
1,224.2,6.0,1305.1,0.96,50.0
1,224.2,6.0,1298.5,0.96,50.0
1,224.1,6.0,1296.9,0.96,50.0
1,224.2,6.0,1298.2,0.96,50.0
1,224.3,6.0,1298.4,0.96,50.0
1,224.2,6.1,1310.6,0.97,50.0
1,224.1,6.0,1300.4,0.96,50.0
1,224.3,6.0,1292.8,0.96,50.0
1,224.3,6.0,1303.7,0.96,50.0
1,224.2,6.0,1304.4,0.96,50.0
1,224.3,6.0,1299.8,0.96,50.0
1,224.2,6.0,1300.5,0.96,50.0
1,224.2,6.0,1291.2,0.96,50.0
1,224.2,6.0,1296.2,0.96,50.0
1,224.0,6.0,1289.5,0.96,50.0
1,223.9,6.0,1288.5,0.96,50.0
1,223.9,6.0,1294.7,0.96,49.9
1,224.0,6.0,1293.4,0.96,49.9
1,223.8,6.1,1312.1,0.97,49.9
1,223.8,6.0,1298.6,0.96,49.9
1,223.9,6.0,1300.0,0.96,49.9
1,223.7,6.0,1291.0,0.96,49.9
1,223.6,6.0,1291.4,0.96,49.9
1,223.6,6.0,1294.6,0.96,49.9
1,223.6,6.0,1291.3,0.96,49.9
1,223.7,6.0,1291.6,0.96,49.9
1,223.7,6.0,1299.5,0.96,49.9
1,223.7,6.0,1297.1,0.96,49.9
1,223.7,6.0,1297.5,0.96,49.9
1,223.6,6.0,1298.2,0.96,49.9
1,223.7,6.0,1294.0,0.96,49.9
1,223.7,6.0,1294.0,0.96,50.0
1,223.7,6.0,1290.6,0.96,50.0
1,223.6,6.0,1291.1,0.96,50.0
1,223.5,6.0,1298.2,0.96,50.0
1,223.6,6.0,1299.4,0.96,49.9
1,223.7,6.0,1296.3,0.96,50.0
1,223.6,6.0,1297.9,0.96,50.0
1,223.6,6.0,1296.3,0.97,50.0
1,223.7,6.0,1295.0,0.97,50.0
1,223.8,6.0,1299.5,0.96,50.0
1,223.6,6.0,1295.4,0.97,50.0
1,223.6,6.0,1291.7,0.96,50.0
1,223.6,6.0,1287.0,0.96,50.0
1,223.7,6.0,1294.2,0.96,50.0
1,223.6,6.0,1296.0,0.96,50.0
1,223.6,6.0,1300.5,0.96,49.9
1,223.6,6.0,1296.5,0.96,49.9
1,223.5,6.0,1289.5,0.96,49.9
1,223.5,6.0,1297.6,0.96,49.9
1,223.6,6.0,1290.7,0.96,49.9
1,223.6,6.0,1295.2,0.96,49.9
1,223.5,6.0,1286.9,0.96,49.9
1,223.5,6.0,1290.9,0.96,49.9
1,223.5,6.0,1293.4,0.96,49.9
1,223.5,6.0,1290.5,0.96,50.0
1,223.6,6.0,1292.2,0.96,50.0
1,223.6,6.0,1293.8,0.96,50.0
1,223.6,6.0,1293.3,0.96,50.0
1,223.7,6.0,1287.5,0.96,50.0
1,223.7,5.9,1281.1,0.96,50.0
1,223.6,5.9,1276.8,0.96,50.0
1,223.3,5.9,1280.4,0.96,50.0
1,223.6,6.0,1284.5,0.96,50.0
1,223.4,6.0,1282.0,0.96,50.0
1,223.6,5.9,1276.4,0.96,50.0
1,223.5,5.9,1274.4,0.96,50.0
1,223.6,5.9,1274.3,0.96,50.0
1,223.6,5.9,1277.3,0.96,50.0
1,223.6,5.9,1277.9,0.96,50.0
1,223.9,5.9,1279.3,0.96,50.0
1,223.6,6.1,1313.5,0.97,50.0
1,223.8,5.9,1280.5,0.96,50.0
1,223.8,5.9,1278.3,0.96,50.0
1,223.8,5.9,1276.3,0.96,50.0
1,223.9,5.9,1277.6,0.96,50.0
1,223.9,6.0,1284.7,0.96,50.0
1,223.9,6.0,1285.4,0.96,50.0
1,223.9,6.0,1289.5,0.96,50.0
1,223.9,5.9,1280.7,0.96,50.0
1,223.9,5.9,1282.3,0.96,50.0
1,223.9,6.0,1287.6,0.96,50.0
1,223.7,6.0,1287.0,0.96,50.0
1,223.8,5.9,1279.7,0.96,50.0
1,223.7,6.0,1286.7,0.96,50.0
1,223.8,5.9,1276.3,0.96,50.0
1,223.8,5.9,1280.7,0.96,49.9
1,223.8,6.0,1284.6,0.96,49.9
1,223.6,5.9,1279.2,0.96,49.9
1,223.7,6.0,1281.5,0.96,49.9
1,223.7,5.9,1280.6,0.96,49.9
1,223.7,5.9,1280.6,0.96,49.9
1,223.5,5.9,1279.6,0.96,50.0
1,223.8,6.0,1293.8,0.96,50.0
1,223.8,5.9,1281.6,0.96,50.0
1,223.9,5.9,1277.8,0.96,50.0
1,224.0,5.9,1279.9,0.96,50.0
1,224.1,5.9,1280.4,0.96,50.0
1,224.1,5.9,1278.1,0.96,50.0
1,224.2,5.9,1280.7,0.96,50.0
1,224.2,5.9,1278.5,0.96,50.0
1,224.2,5.9,1284.6,0.96,50.0
1,224.2,5.9,1277.6,0.96,50.0
1,224.4,5.9,1278.0,0.96,50.0
1,224.2,6.0,1287.3,0.96,50.0
1,224.3,5.9,1276.5,0.96,50.0
1,224.3,6.0,1290.2,0.96,50.0
1,224.4,5.9,1276.6,0.96,50.0
1,224.1,5.9,1272.2,0.96,50.0
1,224.3,5.9,1273.4,0.96,50.0
1,224.0,5.9,1276.7,0.96,50.0
1,224.0,5.9,1275.4,0.96,49.9
1,224.1,5.9,1273.7,0.96,49.9
1,224.1,5.9,1271.8,0.96,49.9
1,223.9,6.0,1281.3,0.96,49.9
1,223.9,5.9,1277.9,0.96,49.8
1,223.9,5.9,1273.4,0.96,49.8
1,223.8,6.0,1289.6,0.96,49.8
1,223.8,6.0,1290.1,0.96,49.9
1,223.6,6.0,1283.5,0.96,49.9
1,223.8,6.0,1295.2,0.96,49.9
1,223.7,5.9,1281.3,0.96,49.9
1,223.6,6.0,1287.3,0.96,50.0
1,223.7,5.9,1279.3,0.96,49.9
1,223.7,6.0,1289.8,0.96,50.0
1,223.7,5.9,1282.1,0.96,50.0
1,223.7,6.0,1294.8,0.96,50.0
1,223.8,6.0,1288.4,0.96,50.0
1,223.7,6.0,1295.5,0.97,50.0
1,223.7,6.0,1299.3,0.97,50.0
1,223.8,5.9,1283.6,0.96,50.0
1,223.5,6.0,1294.5,0.97,50.0
1,223.7,6.0,1287.8,0.96,50.0
1,223.6,6.0,1285.4,0.96,50.0
1,223.7,6.0,1290.4,0.96,49.9
1,223.8,5.9,1279.1,0.96,49.9
1,223.7,5.9,1277.8,0.96,49.9
1,223.6,5.9,1279.2,0.96,49.9
1,223.5,5.9,1277.7,0.96,49.9
1,223.4,5.9,1273.7,0.96,49.9
1,223.4,5.9,1276.1,0.96,49.8
1,223.2,5.9,1269.2,0.96,49.8
1,223.2,5.9,1273.6,0.96,49.8
1,223.3,5.9,1273.1,0.96,49.9
1,223.5,5.9,1277.2,0.96,49.9
1,223.5,5.9,1275.6,0.96,49.9
1,223.5,5.9,1275.6,0.96,49.9
1,223.5,5.9,1273.0,0.96,50.0
1,223.6,5.9,1270.6,0.96,50.0
1,223.8,5.9,1273.4,0.96,50.0
1,223.8,5.9,1270.7,0.96,50.0
1,223.8,5.9,1269.8,0.96,50.0
1,223.8,5.9,1275.2,0.96,50.0
1,223.8,5.9,1272.4,0.96,50.0
1,224.0,5.9,1273.0,0.96,50.0
1,224.0,5.9,1278.9,0.96,50.0
1,223.6,5.9,1273.8,0.96,50.0
1,224.0,5.9,1276.0,0.96,50.0
1,224.0,5.9,1280.0,0.96,50.0
1,224.0,5.9,1280.2,0.96,49.9
1,224.0,5.9,1279.0,0.96,49.9
1,224.0,5.9,1273.5,0.96,49.9
1,224.0,5.9,1278.3,0.96,49.9
1,224.0,5.9,1274.6,0.96,49.9
1,224.0,5.9,1276.6,0.96,49.9
1,224.2,5.9,1272.5,0.96,50.0
1,224.1,6.0,1284.6,0.96,49.9
1,224.3,5.9,1279.6,0.96,50.0
1,224.3,5.9,1280.9,0.96,50.0
1,224.4,5.9,1279.5,0.96,50.0
1,224.4,5.9,1278.6,0.96,50.1
1,224.4,5.9,1278.8,0.96,50.0
1,224.6,5.9,1275.1,0.96,50.0
1,224.6,5.9,1284.2,0.96,50.1
1,224.7,5.9,1276.8,0.96,50.0
1,224.6,5.9,1276.0,0.96,50.0
1,224.6,5.9,1281.1,0.96,50.0
1,224.5,5.9,1283.1,0.96,50.0
1,224.2,5.9,1273.5,0.96,50.0
1,223.9,6.1,1309.0,0.96,49.8
1,224.0,6.1,1311.6,0.96,49.9
1,224.2,6.1,1314.7,0.96,49.9
1,224.9,5.3,1157.7,0.97,50.0
1,224.7,5.3,1159.2,0.97,50.0
1,224.8,5.3,1161.7,0.97,50.0
1,224.8,5.3,1162.8,0.97,50.0
1,225.0,5.3,1162.7,0.97,49.9
1,224.9,5.3,1163.0,0.97,49.9
1,224.9,5.3,1159.8,0.97,49.9
1,224.8,5.3,1166.7,0.97,49.9
1,224.8,5.3,1152.7,0.97,49.9
1,224.7,5.3,1161.7,0.97,49.9
1,224.8,5.3,1156.7,0.97,49.9
1,224.7,5.3,1152.1,0.97,49.9
1,224.7,5.3,1151.8,0.97,49.9
1,224.8,5.3,1155.1,0.97,50.0
1,224.4,5.3,1154.9,0.97,50.0
1,224.9,5.3,1155.6,0.97,50.0
1,224.9,5.3,1160.8,0.97,50.0
1,224.7,5.3,1160.3,0.97,50.0
1,224.9,5.3,1157.6,0.97,50.0
1,224.8,5.3,1160.4,0.97,50.0
1,225.0,5.3,1156.3,0.97,50.0
1,225.2,5.3,1164.6,0.97,50.0
1,225.2,5.3,1155.6,0.97,50.0
1,225.0,5.3,1153.5,0.97,50.0
1,225.2,5.3,1153.7,0.97,50.0
1,225.2,5.4,1184.3,0.97,50.0
1,225.1,5.3,1161.8,0.97,49.9
1,225.1,5.3,1159.4,0.97,49.9
1,225.0,5.3,1159.2,0.97,49.9
1,225.0,5.3,1156.0,0.97,49.9
1,224.8,5.3,1154.8,0.97,49.9
1,224.9,5.3,1160.2,0.97,49.9
1,224.8,5.3,1157.7,0.97,49.9
1,224.8,5.3,1158.4,0.97,49.9
1,224.9,5.3,1156.1,0.97,50.0
1,224.9,5.3,1154.5,0.97,50.0
1,224.7,5.3,1152.7,0.97,50.0
1,224.9,5.3,1153.2,0.97,50.0
1,224.9,5.3,1151.4,0.97,50.0
1,224.8,5.3,1154.4,0.97,50.0
1,225.0,5.3,1157.0,0.97,50.0
1,225.2,5.3,1167.0,0.97,50.0
1,225.4,5.3,1161.2,0.97,50.1
1,225.7,5.3,1160.4,0.97,50.1
1,225.6,5.3,1158.3,0.97,50.1
1,225.6,5.3,1161.9,0.97,50.0
1,225.7,5.3,1161.5,0.97,50.0
1,225.6,5.3,1155.6,0.97,50.0
1,225.6,5.3,1158.0,0.97,50.0
1,225.7,5.3,1155.6,0.97,50.0
1,225.6,5.3,1156.1,0.97,50.0
1,225.5,5.3,1157.8,0.97,50.0
1,225.6,5.3,1155.1,0.97,50.0
1,225.6,5.3,1155.3,0.97,50.0
1,225.7,5.3,1158.8,0.97,50.0
1,225.8,5.3,1157.0,0.97,50.0
1,225.7,5.3,1168.2,0.97,50.0
1,225.6,5.4,1187.4,0.97,50.0
1,225.7,5.4,1185.0,0.97,50.0
1,225.6,5.4,1185.9,0.97,50.0
1,225.6,5.4,1189.7,0.97,50.0
1,225.4,5.4,1187.0,0.97,50.0
1,225.4,5.4,1185.3,0.97,50.0
1,225.4,5.4,1189.1,0.97,50.0
1,226.0,5.5,1212.6,0.97,50.0
1,226.0,5.4,1191.3,0.97,50.0
1,226.0,5.4,1185.2,0.97,50.0
1,226.0,5.4,1181.8,0.97,50.0
1,225.9,5.4,1181.3,0.97,50.0
1,226.0,5.4,1179.7,0.97,50.0
1,225.9,5.4,1176.9,0.97,50.0
1,225.1,5.4,1174.7,0.97,50.0
1,225.0,5.4,1175.9,0.97,50.0
1,225.8,5.4,1179.5,0.97,50.0
1,225.2,5.4,1173.8,0.97,50.0
1,225.2,5.3,1171.7,0.97,50.0
1,226.0,5.4,1175.4,0.97,50.0
1,225.1,5.4,1174.7,0.97,50.0
1,225.2,5.4,1173.7,0.97,50.0
1,225.9,5.4,1177.8,0.97,50.0
1,225.1,5.4,1174.8,0.97,50.0
1,225.1,5.4,1176.4,0.97,50.0
1,225.8,5.4,1179.0,0.97,50.0
1,225.1,5.4,1178.3,0.97,50.0
1,225.2,5.4,1178.3,0.97,50.0
1,225.7,5.4,1184.9,0.97,50.0
1,225.0,5.4,1179.7,0.97,50.0
1,225.4,5.4,1179.8,0.97,50.0
1,225.6,5.4,1179.2,0.97,50.0
1,225.0,5.4,1182.0,0.97,50.0
1,225.7,5.4,1180.8,0.97,50.0
1,225.0,5.4,1179.1,0.97,50.1
1,225.0,5.4,1179.4,0.97,50.0
1,225.7,5.4,1178.6,0.97,50.0
1,225.0,5.4,1178.9,0.97,50.1
1,224.9,5.4,1180.9,0.97,50.0
1,225.7,5.4,1183.3,0.97,50.0
1,224.9,5.4,1182.0,0.97,50.0
1,224.9,5.4,1179.3,0.97,50.0
1,225.6,5.4,1177.6,0.97,50.1
1,225.6,5.4,1179.1,0.97,50.0
1,225.4,5.4,1183.2,0.97,50.0
1,225.6,5.4,1180.3,0.97,50.0
1,225.7,5.4,1182.9,0.97,50.0
1,225.8,5.4,1182.4,0.97,50.0
1,225.6,5.4,1177.8,0.97,50.1
1,225.4,5.4,1187.0,0.97,50.0
1,225.3,5.4,1177.3,0.97,50.0
1,225.2,5.3,1160.5,0.97,50.0
1,225.1,5.4,1180.6,0.97,50.0
1,225.1,5.4,1186.3,0.97,50.0
1,225.2,5.3,1159.0,0.97,50.0
1,225.2,5.3,1167.6,0.97,50.0
1,225.3,5.3,1154.8,0.97,50.0
1,225.5,5.3,1154.1,0.97,50.0
1,225.4,5.3,1159.3,0.97,50.0
1,225.1,5.3,1161.9,0.97,50.0
1,225.5,5.3,1165.0,0.97,50.0
1,225.5,5.3,1160.8,0.97,50.0
1,225.0,5.3,1159.8,0.97,50.0
1,225.6,5.3,1157.0,0.97,50.0
1,225.6,5.3,1156.3,0.97,50.0
1,225.3,5.3,1154.2,0.97,50.0
1,225.8,5.3,1165.7,0.97,50.0
1,225.1,5.3,1156.1,0.97,50.0
1,225.8,5.3,1154.6,0.97,50.0
1,225.5,5.3,1158.6,0.97,50.0
1,225.0,5.3,1153.8,0.97,50.0
1,225.4,5.3,1156.3,0.97,50.0
1,225.5,5.3,1163.8,0.97,50.0
1,224.8,5.3,1162.6,0.97,50.0
1,225.4,5.3,1162.7,0.97,50.0
1,225.3,5.3,1168.3,0.97,50.0
1,224.7,5.3,1166.3,0.97,50.0
1,225.3,5.3,1165.5,0.97,50.0
1,225.3,5.3,1164.6,0.97,50.0
1,225.4,5.3,1163.7,0.97,50.0
1,225.4,5.3,1160.7,0.97,50.0
1,225.4,5.3,1161.8,0.97,50.0
1,225.4,5.3,1165.1,0.97,50.0
1,225.2,5.3,1161.8,0.97,50.0
1,225.2,5.3,1164.1,0.97,49.9
1,225.2,5.3,1165.3,0.97,49.9
1,225.1,5.3,1161.7,0.97,50.0
1,225.1,5.3,1166.6,0.97,50.0
1,225.1,5.3,1164.4,0.97,49.9
1,224.9,5.3,1168.1,0.97,49.9
1,224.9,5.3,1163.3,0.97,49.9
1,224.9,5.4,1176.6,0.97,49.9
1,224.8,5.4,1182.2,0.97,49.9
1,225.0,5.4,1175.2,0.97,49.9
1,225.1,5.3,1168.5,0.97,50.0
1,224.9,5.3,1162.8,0.97,50.0
1,224.9,5.3,1164.9,0.97,50.0
1,224.9,5.3,1160.6,0.97,50.0
1,225.0,5.3,1161.7,0.97,50.0
1,225.0,5.3,1166.2,0.97,50.0
1,224.8,5.3,1169.2,0.97,50.0
1,224.9,5.3,1156.7,0.97,50.0
1,224.9,5.4,1171.9,0.97,50.0
1,224.8,5.3,1164.7,0.97,49.9
1,225.0,5.3,1156.0,0.97,49.9
1,225.0,5.3,1164.2,0.97,49.9
1,225.0,5.3,1163.0,0.97,49.9
1,225.1,5.3,1160.9,0.97,49.9
1,225.0,5.3,1165.1,0.97,49.9
1,225.0,5.3,1160.1,0.97,49.9
1,225.0,5.3,1168.2,0.97,49.9
1,225.0,5.3,1165.9,0.97,49.9
1,225.0,5.3,1163.0,0.97,50.0
1,224.9,5.3,1167.1,0.97,50.0
1,224.9,5.3,1157.4,0.97,49.9
1,225.0,5.3,1165.7,0.97,50.0
1,224.9,5.3,1160.1,0.97,50.0
1,224.9,5.3,1169.4,0.97,50.0
1,224.9,5.3,1164.5,0.97,50.0
1,225.1,5.3,1167.3,0.97,50.0
1,224.8,5.3,1163.6,0.97,50.0
1,224.3,5.3,1166.4,0.97,50.0
1,224.9,5.3,1161.5,0.97,50.0
1,224.8,5.3,1163.8,0.97,50.0
1,224.8,5.3,1157.7,0.97,50.0
1,224.9,5.3,1167.2,0.97,50.0
1,224.9,5.3,1166.2,0.97,50.0
1,225.0,5.3,1161.4,0.97,50.0
1,225.1,5.3,1159.1,0.97,50.0
1,225.1,5.4,1171.7,0.97,50.0
1,225.2,5.3,1161.8,0.97,50.0
1,225.2,5.3,1162.4,0.97,50.0
1,225.3,5.3,1161.4,0.97,50.0
1,225.3,5.3,1158.7,0.97,50.0
1,225.2,5.3,1158.6,0.97,50.0
1,225.1,5.3,1164.5,0.97,50.0
1,225.2,5.3,1157.7,0.97,50.0
1,225.3,5.3,1158.9,0.97,50.0
1,224.9,5.3,1169.9,0.97,50.0
1,225.3,5.3,1161.8,0.97,50.0
1,225.3,5.3,1162.9,0.97,50.0
1,225.0,5.3,1153.2,0.97,50.0
1,224.9,5.3,1172.3,0.97,50.0
1,225.1,5.3,1168.2,0.97,50.0
1,225.0,5.3,1159.3,0.97,50.0
1,225.1,5.4,1184.5,0.97,50.0
1,225.2,5.3,1159.7,0.97,50.0
1,225.1,5.3,1158.1,0.97,50.0
1,225.3,5.3,1159.3,0.97,50.0
1,225.2,5.4,1181.9,0.98,50.0
1,225.2,5.3,1155.2,0.97,50.0
1,225.1,5.3,1156.8,0.97,50.0
1,225.1,5.3,1156.1,0.97,50.0
1,224.7,5.4,1182.0,0.97,50.0
1,225.0,5.3,1170.9,0.97,50.0
1,224.7,5.3,1158.8,0.97,50.0
1,224.2,5.3,1156.8,0.97,50.0
1,224.8,5.3,1160.7,0.97,50.0
1,224.7,5.3,1155.9,0.97,50.0
1,224.2,5.4,1171.4,0.97,50.0
1,224.6,5.3,1150.8,0.97,50.0
1,224.7,5.3,1159.6,0.97,50.0
1,224.6,5.3,1158.9,0.97,50.0
1,224.7,5.3,1155.7,0.97,50.0
1,224.8,5.3,1155.5,0.97,50.0
1,224.8,5.3,1154.4,0.97,50.0
1,224.8,5.3,1155.7,0.97,50.0
1,224.8,5.3,1158.5,0.97,50.0
1,224.8,5.3,1159.8,0.97,50.0
1,224.8,5.5,1194.2,0.97,50.0
1,225.1,5.2,1140.3,0.97,50.0
1,225.0,5.3,1149.2,0.97,50.0
1,225.0,5.3,1168.0,0.97,50.0
1,225.2,5.3,1154.6,0.97,50.0
1,225.2,5.2,1140.3,0.97,50.0
1,225.3,5.2,1143.4,0.97,50.0
1,225.1,5.2,1144.1,0.97,50.0
1,225.1,5.2,1143.5,0.97,50.0
1,225.2,5.2,1137.2,0.97,50.0
1,225.2,5.2,1133.8,0.97,50.0
1,225.1,5.2,1139.4,0.97,50.0
1,225.0,5.2,1136.6,0.97,50.0
1,225.0,5.2,1135.7,0.97,49.9
1,225.0,5.2,1136.1,0.97,49.9
1,225.1,5.2,1133.6,0.97,50.0
1,224.9,5.2,1135.8,0.97,49.9
1,224.9,5.2,1136.5,0.97,49.9
1,224.9,5.3,1145.1,0.97,49.9
1,224.7,5.2,1135.1,0.97,50.0
1,224.7,5.2,1136.3,0.97,49.9
1,224.7,5.2,1135.1,0.97,49.9
1,224.8,5.2,1140.0,0.97,49.9
1,225.0,5.2,1126.7,0.97,49.9
1,224.5,5.2,1122.1,0.97,50.0
1,224.6,5.2,1123.1,0.97,49.9
1,225.1,5.2,1126.2,0.97,49.9
1,225.0,5.2,1123.3,0.97,50.0
1,225.1,5.3,1147.8,0.97,49.9
1,225.2,5.2,1125.0,0.97,50.0
1,225.0,5.2,1122.7,0.97,50.0
1,225.1,5.2,1127.1,0.97,50.0
1,225.2,5.2,1123.4,0.97,50.0
1,225.3,5.2,1125.9,0.97,50.0
1,225.4,5.2,1134.3,0.97,50.0
1,225.5,5.2,1130.8,0.97,50.0
1,225.5,5.2,1124.4,0.97,50.0
1,225.6,5.2,1125.9,0.97,50.0
1,225.6,5.2,1124.9,0.97,50.0
1,225.5,5.1,1122.8,0.97,50.0
1,225.4,5.1,1122.4,0.97,50.0
1,225.3,5.1,1121.2,0.97,50.0
1,225.2,5.2,1128.4,0.97,50.0
1,225.5,5.2,1125.7,0.97,50.0
1,225.4,5.2,1128.7,0.97,50.1
1,225.7,5.1,1121.1,0.97,50.0
1,225.7,5.1,1118.7,0.97,50.0
1,225.6,5.1,1119.3,0.97,50.0
1,225.6,5.2,1129.5,0.97,50.0
1,225.6,5.2,1128.7,0.97,50.0
1,225.7,5.1,1118.0,0.97,50.0
1,225.8,5.2,1125.7,0.97,50.0
1,225.9,5.1,1118.4,0.97,50.0
1,226.0,5.1,1118.0,0.97,50.0
1,225.9,5.1,1116.9,0.97,50.0
1,226.0,5.1,1117.2,0.97,50.0
1,226.1,5.1,1119.2,0.97,50.0
1,226.0,5.1,1118.9,0.97,50.1
1,226.0,5.1,1120.3,0.97,50.0
1,226.1,5.1,1119.5,0.97,50.0
1,226.1,5.1,1120.5,0.97,50.0
1,226.0,5.1,1121.1,0.97,50.0
1,225.8,5.1,1121.9,0.97,50.0
1,225.8,5.1,1119.2,0.97,50.0
1,225.7,5.1,1117.7,0.97,50.0
1,225.9,5.1,1120.5,0.97,50.0
1,225.7,5.1,1122.6,0.97,50.0
1,225.8,5.1,1121.5,0.97,50.0
1,225.8,5.1,1121.4,0.97,50.0
1,225.8,5.1,1123.4,0.97,50.0
1,225.8,5.1,1121.4,0.97,50.0
1,225.7,5.1,1120.8,0.97,50.0
1,225.7,5.1,1118.5,0.97,50.0
1,225.6,5.1,1121.1,0.97,50.0
1,225.5,5.1,1118.2,0.97,50.0
1,225.5,5.1,1117.1,0.97,50.0
1,225.4,5.2,1142.2,0.97,50.0
1,225.3,5.3,1170.3,0.97,50.0
1,225.3,5.2,1147.9,0.97,50.0
1,225.3,5.2,1149.2,0.97,50.0
1,225.1,5.3,1159.0,0.97,50.0
1,225.2,5.3,1147.8,0.97,50.0
1,225.2,5.3,1171.2,0.97,49.9
1,225.0,5.3,1155.6,0.97,49.9
1,225.2,5.2,1145.1,0.97,49.9
1,225.1,5.2,1146.6,0.97,49.9
1,225.0,5.3,1155.8,0.97,49.9
1,225.4,5.2,1138.4,0.97,49.9
1,225.3,5.2,1142.2,0.97,49.9
1,225.1,5.2,1143.3,0.97,49.9
1,225.4,5.2,1143.5,0.97,49.9
1,225.3,5.2,1144.5,0.97,49.9
1,225.4,5.3,1149.5,0.97,50.0
1,225.4,5.3,1155.6,0.97,50.0
1,225.4,5.2,1143.7,0.97,50.0
1,225.4,5.2,1147.4,0.97,50.0
1,225.4,5.2,1145.0,0.97,50.0
1,225.3,5.2,1136.3,0.97,50.0
1,225.3,5.2,1139.6,0.97,50.0
1,225.3,5.2,1134.0,0.97,50.0
1,225.4,5.2,1134.8,0.97,50.0
1,225.3,5.2,1136.5,0.97,50.0
1,225.3,5.2,1146.3,0.97,50.0
1,225.0,5.3,1153.4,0.97,50.0
1,225.0,5.2,1141.4,0.97,50.0
1,225.0,5.2,1138.7,0.97,49.9
1,224.8,5.2,1141.9,0.97,49.9
1,225.2,5.2,1141.0,0.97,49.9
1,225.4,5.2,1139.3,0.97,49.9
1,225.5,5.2,1137.7,0.97,49.9
1,225.5,5.2,1139.0,0.97,49.9
1,225.4,5.3,1151.9,0.97,49.9
1,225.2,5.3,1168.5,0.97,49.9
1,225.1,5.4,1171.9,0.97,49.9
1,225.2,5.3,1147.1,0.97,49.9
1,225.1,5.2,1143.4,0.97,49.9
1,225.1,5.3,1150.4,0.97,49.9
1,225.0,5.3,1146.8,0.97,49.9
1,224.9,5.3,1156.7,0.97,49.9
1,228.5,5.5,1229.6,0.97,50.1
1,228.3,5.4,1208.7,0.97,50.1
1,228.5,5.5,1210.1,0.97,50.1
1,228.4,5.5,1221.3,0.97,50.1
1,228.5,5.4,1209.7,0.97,50.1
1,228.2,5.4,1207.0,0.97,50.1
1,228.5,5.5,1211.2,0.97,50.1
1,228.5,5.5,1213.3,0.97,50.0
1,228.7,5.5,1226.6,0.97,50.1
1,228.4,5.5,1228.3,0.97,50.0
1,228.5,5.5,1218.4,0.97,50.0
1,228.2,5.5,1214.3,0.97,50.0
1,228.4,5.5,1215.2,0.97,50.0
1,228.3,5.5,1221.7,0.97,50.1
1,228.6,5.5,1219.7,0.97,50.1
1,228.3,5.4,1208.7,0.97,50.1
1,228.3,5.5,1211.7,0.97,50.1
1,228.0,5.5,1210.2,0.97,50.0
1,228.2,5.5,1213.9,0.97,50.0
1,228.2,5.5,1210.1,0.97,50.1
1,228.2,5.5,1208.1,0.97,50.1
1,228.3,5.4,1205.6,0.97,50.1
1,228.4,5.4,1208.2,0.97,50.1
1,228.3,5.5,1211.4,0.97,50.1
1,228.0,5.5,1209.2,0.97,50.0
1,227.7,5.5,1213.6,0.97,50.0
1,227.8,5.5,1210.1,0.97,50.0
1,227.8,5.4,1205.4,0.97,50.1
1,227.5,5.4,1204.6,0.97,50.1
1,228.2,5.5,1214.3,0.97,50.1
1,228.1,5.5,1226.5,0.97,50.1
1,228.2,5.5,1227.4,0.97,50.1
1,228.2,5.5,1228.0,0.97,50.1
1,228.3,5.5,1223.6,0.97,50.1
1,228.1,5.5,1223.2,0.97,50.1
1,228.3,5.5,1216.0,0.97,50.1
1,228.2,5.5,1216.3,0.97,50.1
1,228.4,5.5,1213.7,0.97,50.1
1,228.3,5.5,1216.4,0.97,50.1
1,228.5,5.5,1225.4,0.97,50.1
1,228.4,5.5,1219.1,0.97,50.1
1,228.3,5.5,1221.3,0.97,50.1
1,228.2,5.6,1242.9,0.97,50.1
1,228.4,5.5,1228.7,0.97,50.1
1,228.2,5.5,1229.4,0.97,50.1
1,228.2,5.5,1224.6,0.97,50.1
1,228.3,5.6,1245.2,0.97,50.0
1,228.3,5.5,1221.6,0.97,50.1
1,227.9,5.5,1220.4,0.97,50.1
1,227.8,5.5,1229.9,0.97,50.1
1,228.2,5.5,1226.3,0.97,50.1
1,227.6,5.6,1230.5,0.97,50.1
1,228.2,0.9,151.6,0.76,50.0
1,228.2,0.9,151.2,0.76,50.0
1,228.3,0.9,150.9,0.75,50.0
1,228.3,0.6,107.0,0.73,50.0
1,228.5,0.7,108.8,0.73,50.0
1,228.3,0.6,107.3,0.73,50.0
1,228.4,0.6,106.0,0.73,50.0
1,228.4,0.6,106.7,0.73,49.9
1,228.4,0.7,109.3,0.73,49.9
1,228.2,0.6,107.2,0.73,49.9
1,228.1,0.6,107.0,0.73,49.9
1,228.1,0.6,107.1,0.73,49.9
1,228.1,0.7,109.7,0.73,49.9
1,228.1,0.6,107.2,0.73,49.9
1,228.0,0.7,109.0,0.73,49.9
1,228.1,0.6,105.8,0.72,49.9
1,228.3,0.6,106.0,0.72,50.0
1,228.3,0.6,105.7,0.72,50.0
1,228.4,0.6,106.4,0.72,50.0
1,228.4,0.6,106.5,0.73,50.0
1,228.5,0.6,106.3,0.72,50.1
1,228.3,0.7,108.6,0.73,50.1
1,228.2,0.6,105.6,0.73,50.0
1,228.3,0.6,106.6,0.73,50.0
1,228.1,0.6,107.9,0.73,50.0
1,228.1,0.6,106.4,0.73,50.0
1,228.7,0.7,109.7,0.73,50.0
1,228.8,0.7,112.1,0.73,50.0
1,228.8,0.7,121.7,0.74,50.0
1,228.7,0.7,119.3,0.74,50.0
1,228.8,0.7,112.0,0.73,50.0
1,228.5,0.6,107.2,0.73,50.0
1,228.6,0.7,123.4,0.74,50.0
1,228.7,0.6,106.5,0.73,50.0
1,228.7,0.6,106.3,0.73,49.9
1,228.5,0.7,114.7,0.74,49.9
1,228.6,0.7,116.7,0.74,49.9
1,228.5,0.7,118.0,0.74,49.9
1,228.6,0.7,117.3,0.74,49.9
